Channel,Video Count
JoyNews,83
TV3 Ghana,28
GhanaWeb TV,26
ChannelOne TV,15
Net2TV Gh,13
UTV Ghana Online,10
Dr. Randy Abbey,9
Ghana Broadcasting Corporation,9
VOA Africa,7
Arise News,7
BBC News Africa,7
GHOne TV,6
AFP News Agency,6
THE ZOE PODCAST,6
WION,6
FRANCE 24 English,5
AHINTASEM TV ,5
Firstpost,5
Channels Television,5
Gossips24 Avenue,5
Onua TV,4
Smart Ghana Update,4
TVC News Nigeria,4
UJ TV,4
Amazing TV Ghana,4
WoezorTV,4
Mr manager naija news,4
News Central TV,4
Insider GH,3
FRANCE 24,3
Lovers TV Africa,3
africanews,3
Pitchside TV GH,3
Reuters,3
Al Jazeera English,3
DW News,3
SABC News,3
UNCUT WITH UJU,3
Pent Tv GH,3
2024 GENERAL ELECTIONS AND BEYOND ,3
Prophet Clement Testimony,3
Voice of America,2
ONE GH,2
Uebert Angel,2
Dan Kwaku Yeboah TV,2
Kessben TV,2
JOE PASAASA,2
Apostle Nana Kwarteng Amanfo,2
The Critical Analyst,2
Amarachi Duru,2
Christian Vibes Tv,2
Kuami Fun,2
Graphic Online TV,2
Truth n' Love - The Church,2
NTA Network,2
Pinax Tv,2
Dowona Tv Gh,2
STEVE DEE MEDIA,1
House of Ezra,1
Talk Am As E Be Media Blog,1
Pararan Mock News,1
Truth n’ Love - Backup,1
AOM,1
africanews (en français),1
GhanaTalksRadio,1
NATURAL AFRICAN GIRL ,1
GH NATION TV,1
Headless YouTuber,1
2MuchGh,1
Church Info,1
SOLID TV,1
ANSWERS TV GH,1
DW Africa,1
Sandie's Joyful Space,1
BURNING N' SHINING GENZ HUB (VISUAL IMPARTATION),1
WONTUMI TV LIVE,1
BeJayonline,1
TopnewsGhana,1
HOPE,1
TRENDS GH,1
THE JFK SHOW TV ,1
KWEKUCHAINZ TV,1
Central Eleições,1
CNN-News18,1
Adom TV,1
Blakk Empire Media,1
THE KSM SHOW,1
Stardom comedy tv ,1
Kwadwo Bonsu,1
Dede-Nyemi,1
CIVIC SPACE TV,1
Mx24gh,1
Africa 24,1
John Mahama,1
LSE,1
Boadu TV,1
Joshua Iginla Ministries,1
Lee Makwiny,1
tmofjc,1
Inbred Media,1
TRT Afrika,1
Talk Shows Central,1
Daily Updates TV,1
FIRE1 TV,1
INRI EVANGELICAL SPIRITUAL CHURCH,1
Abeiku Santana Tv,1
Blackman Africa,1
Code Micky tv,1
Paul Adom-Otchere,1
Naana Donkor Arthur - NDA,1
Associated Press,1
TV5MONDE Info,1
3News (TV3 Ghana),1
NEYMAR DE PUNCHER TV,1
Diamond Gist Tv,1
Advert Africa,1
Bloomberg Television,1
Smart Money Tactics,1
Metro TV Ghana,1
Vimlady Online,1
Luv FM 99.5,1
PENDREAM TV,1
Trendz Center,1
Pan African Television,1
All African News,1
Apostle Francis Amoako Attah ,1
Official Surviver Media,1
Kwadwo Sheldon Studios,1
Kumasi Online Tv,1
Rtv Ghana,1
Ghana Matters,1
YouNeedToKnow,1
UNIDEK TV,1
Adonai International Ministries - Ghana,1
Action God TV,1
NGOSRA TV GH,1
Miafrica,1
Vicemen Tv,1
Abroadlafta,1
Ghana News Guide,1
Today Too_media,1
FINIX MEDIA™,1
DD India,1
FRINZY TV,1
Anthony Dela,1
Sytone TV,1
Bishop C.B Motondo,1
F. D. YALLEY,1
KOFI TV,1
Movement TV,1
Kessben TV Annex ,1
Pastor Charles Blessing,1
Omega Fire Ministries Houston,1
Street is Watching,1
Time Out with Ogechukwu Osih-Oyelude,1
Top Light Media ,1
NYANSA TV,1
Lorraine Wright,1
TRUELOVE TV GH,1
